id,name,email,phone
53044,Mariana Shields,mariana.shields@jerod.com,1-475-811-6841 x387
36019,Chelsea Nienow,chelsea93@miguel.net,705.637.3443 x7944
60991,Orin Abshire,orin_abshire73@raquel.org,107-524-8595
5584,Clark Gulgowski,clark.gulgowski@meredith.name,434-888-2237 x1106
86199,Ruben Hirthe,ruben.hirthe@aric.org,176.468.7433
73446,Taryn Rempel,taryn30@deontae.org,232.688.1616 x95987
37375,Elvera Keeling,elvera97@georgianna.org,512-283-4315 x706
97215,Jordi Smitham,jordi_smitham22@dell.info,1-136-196-2534 x1139
48196,Tyrell Lakin,tyrell.lakin@christiana.com,(444) 617-6700 x2331
40605,Halle Feest,halle_feest@kathryne.info,678-834-9633 x51433
97880,Angeline Stracke,angeline40@vince.net,835.949.4659 x961
64040,Noel Hilpert,noel_hilpert@teagan.org,(390) 017-9652 x657
55869,Gladys Morissette,gladys.morissette@alba.info,(711) 333-9772 x474
28101,Kelli Kessler,kelli_kessler7@adrianna.org,706.008.7310
67499,Linnie Morar,linnie.morar@noel.name,1-613-817-9685
77289,Tyshawn Prohaska,tyshawn_prohaska4@earnestine.org,348.008.7356 x883
63355,Arnoldo Stark,arnoldo74@raphaelle.biz,(263) 577-1963 x88198
12866,Patricia Batz,patricia73@reginald.org,(529) 226-0371 x00286
62713,Dallin O'Kon,dallin27@duane.net,1-345-935-2145 x669
62948,Marlin Kovacek,marlin.kovacek@ernesto.name,1-047-486-2541
5985,Nils Olson,nils.olson@johnson.org,960-705-0641
10480,Margie Kassulke,margie4@shea.com,479-089-1302 x977
74182,Maurice Murphy,maurice_murphy32@marty.org,1-748-333-4359
8067,Beatrice Kuphal,beatrice.kuphal7@darron.com,1-289-684-9894
35507,Ona Kiehn,ona80@jerrell.org,(580) 998-0274 x87307
73000,Candido Beatty,candido_beatty72@amparo.com,290-844-4079 x3202
74856,Delphia Schiller,delphia_schiller@barry.info,(330) 703-1317 x7795
90148,Matilda Hickle,matilda.hickle67@yasmin.info,299.309.0964 x73667
14078,Florencio Hane,florencio23@ubaldo.org,1-471-160-2479 x531
23478,Earline Keeling,earline29@jena.name,(793) 283-0274
69266,Anthony Bernhard,anthony.bernhard@rosie.org,209.330.5505 x72227
21832,Marvin Runolfsson,marvin_runolfsson@aniyah.net,1-489-022-7721 x242
53387,Ines Erdman,ines70@melvin.net,947-711-7192
72977,Mittie Crooks,mittie13@aditya.net,1-097-311-5060 x859
67960,Fletcher Wiegand,fletcher.wiegand14@laurine.org,1-696-134-6998 x873
47367,Jaiden Gutmann,jaiden_gutmann@austin.org,1-684-017-0729 x5839
48464,Brandi Lemke,brandi.lemke57@louisa.net,(893) 752-8682 x1581
30935,Dorcas Harris,dorcas63@bulah.info,(513) 130-2824 x2727
39831,Chelsey Denesik,chelsey.denesik8@jeanne.org,848.574.5586 x79091
28737,Lauriane Murray,lauriane.murray70@quentin.biz,105-800-3895 x16541
14265,Cole Gottlieb,cole_gottlieb81@erwin.com,784-898-8965 x03887
27036,Jensen Jones,jensen_jones2@gus.org,533-897-5992
82287,Bart Hoppe,bart34@otilia.biz,803.848.2616
11529,Heloise Mills,heloise11@skylar.org,584-538-3917 x004
48295,Jaylen Turner,jaylen99@delia.net,584.757.9758 x911
38319,Harmony Buckridge,harmony89@paula.name,(055) 412-1982 x1802
34903,Kellie Waters,kellie33@magnus.info,546-232-0367 x8433
41727,Aletha Zulauf,aletha.zulauf@ima.name,754.391.8082
1868,Carolina Simonis,carolina72@jennings.net,802-672-8706
82414,Zelda Swift,zelda.swift80@amy.net,411.294.4172
47237,Lawrence Koch,lawrence93@princess.biz,716.501.9366 x6319
28196,Jacky Boyle,jacky.boyle@kallie.biz,(317) 929-3471
49728,Alexane Beatty,alexane_beatty70@alexander.org,1-533-890-5818 x2782
28151,Bethany Simonis,bethany11@mattie.name,794.377.3855
31051,Bernhard Price,bernhard71@zola.net,339.195.0575 x07376
36331,Jake Boyle,jake.boyle@mandy.biz,978-170-1046 x59849
26261,Alan Conn,alan_conn9@parker.info,690-102-7346
46880,Damien Schiller,damien.schiller55@carrie.info,(354) 601-5236 x18430
32811,Petra Ferry,petra_ferry@suzanne.com,(553) 110-2673
27548,Rahul Bins,rahul.bins@karen.net,(005) 318-1166
45255,Elijah Hermiston,elijah_hermiston33@noemy.info,456-701-6786
72767,Aisha Harvey,aisha_harvey87@peyton.org,1-499-758-5233
51474,Layne Bahringer,layne.bahringer6@eriberto.net,332.060.6000 x3567
3129,Era Hoppe,era.hoppe@erich.net,1-583-474-5241 x10769
37711,Jacky Koch,jacky_koch@melyna.info,(914) 485-5002
59443,Lucy Jones,lucy.jones51@fausto.net,(956) 310-7306 x4399
80441,Kathryne Kertzmann,kathryne.kertzmann@taurean.biz,(507) 243-0055
96238,Ara Schroeder,ara8@ruthie.net,1-518-491-5114
60598,Oleta Hagenes,oleta48@astrid.name,1-474-060-8454 x6306
70670,Rey Swaniawski,rey.swaniawski9@theodora.org,(769) 728-6983
84678,Jovany Ferry,jovany_ferry87@miracle.org,125.395.6706 x1395
89079,Shane Reichel,shane68@darian.com,622.444.0946
33713,Edwin Olson,edwin.olson@favian.com,(450) 830-4196
17690,Eleanora Schaefer,eleanora.schaefer@lina.net,1-252-028-0510 x73340
25386,Hulda Effertz,hulda36@elenor.org,1-477-290-8010
45682,Alfredo Reichel,alfredo40@jayde.info,1-132-203-7538
68158,Yvonne Windler,yvonne_windler54@ricardo.com,(550) 949-0936 x93505
51578,Lou Bergnaum,lou79@paxton.net,165.980.5908 x57987
52426,Golden Langworth,golden.langworth@allie.com,381.020.2259
60909,Margot Walker,margot18@mckenna.name,(070) 721-9315 x2819
97621,Jayson Farrell,jayson.farrell45@nigel.biz,922.849.7608
88581,Kiara Lowe,kiara_lowe@violette.name,1-711-191-9716
40440,Trenton Tromp,trenton.tromp92@annamarie.info,1-431-512-8048 x757
3320,Olaf Rohan,olaf_rohan55@reyes.net,1-702-626-4277
44613,Benedict Sipes,benedict_sipes96@kaylah.org,409.977.6798
75625,Santa Fadel,santa97@tomas.net,(094) 913-2970 x8591
25184,Hailee Upton,hailee.upton94@charity.com,(151) 454-2931
85430,Moses Hackett,moses_hackett@burnice.name,(384) 999-6390 x428
11381,Elroy Considine,elroy.considine95@josiah.name,1-909-009-5513 x87564
49381,Cary Cormier,cary.cormier40@mona.org,099-967-2834
39999,Kody Hamill,kody_hamill23@candace.info,950-968-9485 x054
78753,Parker O'Connell,parker_oconnell50@christa.info,506-009-2587
31349,Sandrine Shanahan,sandrine_shanahan56@lawrence.info,(728) 319-5687
94468,Damien Osinski,damien22@sammie.info,990.986.2935
56159,Mikayla Schowalter,mikayla_schowalter66@braxton.com,948-648-9673
95666,Wilhelm Konopelski,wilhelm.konopelski61@aisha.biz,(132) 875-5555 x2922
71330,Dane Kulas,dane78@carmella.org,1-986-639-0821 x29765
61167,Charlene Ullrich,charlene83@elvis.org,(686) 593-1563
86644,Carrie Green,carrie_green@omer.biz,(200) 307-9510
30115,Malcolm Roberts,malcolm62@kendrick.net,511-875-5994 x5449
